Local Date,Local Time,Close,Net,%Chg,Open,Low,High,Volume
2021-09-01 10:30:00,2021-09-01 10:30:00,18040,-5,-0.00027708506511499,18055,18015,18080,709
2021-09-01 10:00:00,2021-09-01 10:00:00,18045,35,0.00194336479733481,18025,17985,18120,1144
2021-09-01 09:30:00,2021-09-01 09:30:00,18010,140,0.00783435926133184,17975,17920,18080,2030
2021-08-31 17:00:00,2021-08-31 17:00:00,17870,80,0.00449690837549185,17790,17500,17870,55188
2021-08-31 16:30:00,2021-08-31 16:30:00,17790,-45,-0.00252312867956266,17835,17790,17880,2051
2021-08-31 16:00:00,2021-08-31 16:00:00,17835,-230,-0.0127318018267368,18060,17795,18090,2066
2021-08-31 15:30:00,2021-08-31 15:30:00,18065,65,0.00361111111111111,17995,17995,18100,765
2021-08-31 15:00:00,2021-08-31 15:00:00,18000,10,0.000555864369093941,17995,17980,18015,959
2021-08-31 14:30:00,2021-08-31 14:30:00,17990,-105,-0.00580270793036751,18090,17990,18105,956
2021-08-31 14:00:00,2021-08-31 14:00:00,18095,-15,-0.00082827167310878,18120,18065,18145,932
2021-08-31 13:30:00,2021-08-31 13:30:00,18110,10,0.000552486187845304,18110,18070,18130,838
2021-08-31 13:00:00,2021-08-31 13:00:00,18100,-85,-0.00467418201814682,18180,18085,18220,960
2021-08-31 12:30:00,2021-08-31 12:30:00,18185,-115,-0.00628415300546448,18295,18175,18315,738
2021-08-31 12:00:00,2021-08-31 12:00:00,18300,-80,-0.0043525571273123,18375,18280,18375,909
2021-08-31 11:30:00,2021-08-31 11:30:00,18380,70,0.00382304751501912,18305,18265,18380,1140
2021-08-31 11:00:00,2021-08-31 11:00:00,18310,-170,-0.0091991341991342,18480,18305,18480,1439
2021-08-31 10:30:00,2021-08-31 10:30:00,18480,-10,-0.000540832882639265,18470,18430,18510,800
2021-08-31 10:00:00,2021-08-31 10:00:00,18490,5,0.000270489586150933,18490,18420,18545,1478
2021-08-31 09:30:00,2021-08-31 09:30:00,18485,175,0.00955761878754779,18400,18245,18540,2428
2021-08-30 17:00:00,2021-08-30 17:00:00,18310,0,0,18305,17995,18345,4709
2021-08-30 16:30:00,2021-08-30 16:30:00,18310,45,0.00246372844237613,18260,18240,18335,1019
2021-08-30 16:00:00,2021-08-30 16:00:00,18265,50,0.00274499039253363,18210,18195,18265,772
2021-08-30 15:30:00,2021-08-30 15:30:00,18215,-50,-0.00273747604708459,18260,18210,18285,581
2021-08-30 15:00:00,2021-08-30 15:00:00,18265,40,0.00219478737997257,18225,18210,18270,489
2021-08-30 14:30:00,2021-08-30 14:30:00,18225,40,0.00219961506736321,18190,18180,18240,619
2021-08-30 14:00:00,2021-08-30 14:00:00,18185,-45,-0.00246845858475041,18225,18175,18230,378
2021-08-30 13:30:00,2021-08-30 13:30:00,18230,35,0.00192360538609508,18195,18195,18235,373
2021-08-30 13:00:00,2021-08-30 13:00:00,18195,-45,-0.00246710526315789,18235,18175,18250,331
2021-08-30 12:30:00,2021-08-30 12:30:00,18240,0,0,18245,18205,18250,176
2021-08-30 12:00:00,2021-08-30 12:00:00,18240,40,0.0021978021978022,18200,18185,18240,185
2021-08-30 11:30:00,2021-08-30 11:30:00,18200,-40,-0.00219298245614035,18245,18180,18280,716
2021-08-30 11:00:00,2021-08-30 11:00:00,18240,55,0.00302447071762442,18190,18155,18255,614
2021-08-30 10:30:00,2021-08-30 10:30:00,18185,-60,-0.00328857221156481,18240,18185,18240,458
2021-08-30 10:00:00,2021-08-30 10:00:00,18245,35,0.00192202086765513,18210,18195,18280,575
2021-08-30 09:30:00,2021-08-30 09:30:00,18210,155,0.00858487953475492,18080,18015,18240,1680
2021-08-27 17:00:00,2021-08-27 17:00:00,18055,35,0.00194228634850166,18015,18010,18100,4406
2021-08-27 16:30:00,2021-08-27 16:30:00,18020,15,0.000833101916134407,18005,17905,18035,1579
2021-08-27 16:00:00,2021-08-27 16:00:00,18005,130,0.00727272727272727,17875,17870,18030,930
2021-08-27 15:30:00,2021-08-27 15:30:00,17875,75,0.00421348314606742,17805,17805,17885,506
2021-08-27 15:00:00,2021-08-27 15:00:00,17800,-15,-0.000841987089531294,17815,17790,17845,672
2021-08-27 14:30:00,2021-08-27 14:30:00,17815,-35,-0.00196078431372549,17855,17810,17870,588
2021-08-27 14:00:00,2021-08-27 14:00:00,17850,15,0.000841042893187553,17830,17810,17860,577
2021-08-27 13:30:00,2021-08-27 13:30:00,17835,-45,-0.00251677852348993,17880,17800,17880,689
2021-08-27 13:00:00,2021-08-27 13:00:00,17880,10,0.000559597090095132,17860,17835,17910,636
2021-08-27 12:30:00,2021-08-27 12:30:00,17870,40,0.00224340998317443,17825,17810,17870,468
2021-08-27 12:00:00,2021-08-27 12:00:00,17830,-20,-0.00112044817927171,17855,17830,17905,622
2021-08-27 11:30:00,2021-08-27 11:30:00,17850,-35,-0.00195694716242661,17885,17830,17890,508
2021-08-27 11:00:00,2021-08-27 11:00:00,17885,5,0.000279642058165548,17885,17875,17920,465
2021-08-27 10:30:00,2021-08-27 10:30:00,17880,-35,-0.00195367010884733,17910,17875,18010,675
2021-08-27 10:00:00,2021-08-27 10:00:00,17915,15,0.000837988826815642,17880,17870,17955,473
2021-08-27 09:30:00,2021-08-27 09:30:00,17900,-55,-0.00306321358952938,17965,17780,17980,1372
2021-08-26 17:00:00,2021-08-26 17:00:00,17955,20,0.00111513799832729,17935,17900,18030,6562
2021-08-26 16:30:00,2021-08-26 16:30:00,17935,25,0.00139586823003908,17915,17880,18010,1101
2021-08-26 16:00:00,2021-08-26 16:00:00,17910,-20,-0.0011154489682097,17930,17900,18005,1969
2021-08-26 15:30:00,2021-08-26 15:30:00,17930,80,0.00448179271708683,17850,17850,17945,1287
2021-08-26 15:00:00,2021-08-26 15:00:00,17850,30,0.00168350168350168,17825,17810,17880,810
2021-08-26 14:30:00,2021-08-26 14:30:00,17820,35,0.00196795052010121,17790,17785,17850,788
2021-08-26 14:00:00,2021-08-26 14:00:00,17785,40,0.00225415610030995,17750,17735,17790,909
2021-08-26 13:30:00,2021-08-26 13:30:00,17745,60,0.00339270568278202,17685,17650,17750,784
2021-08-26 13:00:00,2021-08-26 13:00:00,17685,5,0.000282805429864253,17675,17590,17690,822
2021-08-26 12:30:00,2021-08-26 12:30:00,17680,25,0.00141602945341263,17650,17575,17710,951
2021-08-26 12:00:00,2021-08-26 12:00:00,17655,-15,-0.000848896434634975,17660,17560,17665,954
2021-08-26 11:30:00,2021-08-26 11:30:00,17670,-15,-0.000848176420695505,17675,17570,17680,1029
2021-08-26 11:00:00,2021-08-26 11:00:00,17685,-60,-0.00338123415046492,17740,17685,17755,670
2021-08-26 10:30:00,2021-08-26 10:30:00,17745,0,0,17750,17665,17795,1317
2021-08-26 10:00:00,2021-08-26 10:00:00,17745,85,0.00481313703284258,17665,17665,17815,1398
2021-08-26 09:30:00,2021-08-26 09:30:00,17660,70,0.00397953382603752,17490,17490,17690,2416
2021-08-25 17:00:00,2021-08-25 17:00:00,17590,65,0.00370898716119829,17525,17510,17620,6527
2021-08-25 16:30:00,2021-08-25 16:30:00,17525,10,0.000570939194975735,17510,17490,17535,1652
2021-08-25 16:00:00,2021-08-25 16:00:00,17515,35,0.00200228832951945,17470,17460,17515,1279
2021-08-25 15:30:00,2021-08-25 15:30:00,17480,-5,-0.000285959393766085,17490,17475,17505,735
2021-08-25 15:00:00,2021-08-25 15:00:00,17485,10,0.000572246065808298,17470,17460,17530,831
2021-08-25 14:30:00,2021-08-25 14:30:00,17475,-5,-0.00028604118993135,17480,17440,17500,769
2021-08-25 14:00:00,2021-08-25 14:00:00,17480,-15,-0.000857387825092884,17490,17435,17500,973
2021-08-25 13:30:00,2021-08-25 13:30:00,17495,0,0,17495,17460,17510,637
2021-08-25 13:00:00,2021-08-25 13:00:00,17495,-20,-0.00114187838995147,17510,17485,17540,728
2021-08-25 12:30:00,2021-08-25 12:30:00,17515,-10,-0.000570613409415121,17525,17490,17530,528
2021-08-25 12:00:00,2021-08-25 12:00:00,17525,15,0.00085665334094803,17520,17505,17540,738
2021-08-25 11:30:00,2021-08-25 11:30:00,17510,-55,-0.0031312268716197,17560,17490,17600,1196
2021-08-25 11:00:00,2021-08-25 11:00:00,17565,-85,-0.00481586402266289,17645,17565,17685,815
2021-08-25 10:30:00,2021-08-25 10:30:00,17650,30,0.00170261066969353,17615,17540,17660,1305
2021-08-25 10:00:00,2021-08-25 10:00:00,17620,-15,-0.000850581230507513,17625,17620,17705,906
2021-08-25 09:30:00,2021-08-25 09:30:00,17635,10,0.000567375886524823,17625,17580,17670,1626
2021-08-24 17:00:00,2021-08-24 17:00:00,17625,-10,-0.000567054153671676,17630,17600,17720,6748
2021-08-24 16:30:00,2021-08-24 16:30:00,17635,-40,-0.00226308345120226,17665,17585,17695,1937
2021-08-24 16:00:00,2021-08-24 16:00:00,17675,80,0.00454674623472577,17595,17590,17690,1911
2021-08-24 15:30:00,2021-08-24 15:30:00,17595,-85,-0.00480769230769231,17675,17580,17680,2537
2021-08-24 15:00:00,2021-08-24 15:00:00,17680,5,0.000282885431400283,17665,17660,17695,981
2021-08-24 14:30:00,2021-08-24 14:30:00,17675,-75,-0.00422535211267606,17745,17640,17750,1130
2021-08-24 14:00:00,2021-08-24 14:00:00,17750,-15,-0.000844356881508584,17765,17735,17785,794
2021-08-24 13:30:00,2021-08-24 13:30:00,17765,-60,-0.00336605890603086,17825,17730,17855,1180
2021-08-24 13:00:00,2021-08-24 13:00:00,17825,-55,-0.00307606263982103,17890,17820,17910,801
2021-08-24 12:30:00,2021-08-24 12:30:00,17880,-40,-0.00223214285714286,17920,17860,17920,760
2021-08-24 12:00:00,2021-08-24 12:00:00,17920,-75,-0.00416782439566546,17990,17885,17990,709
2021-08-24 11:30:00,2021-08-24 11:30:00,17995,45,0.00250696378830084,17950,17905,18000,644
2021-08-24 11:00:00,2021-08-24 11:00:00,17950,10,0.000557413600891862,17935,17920,17970,506
2021-08-24 10:30:00,2021-08-24 10:30:00,17940,-30,-0.00166944908180301,17955,17910,17965,592
2021-08-24 10:00:00,2021-08-24 10:00:00,17970,-25,-0.00138927479855515,18000,17930,18045,1026
2021-08-24 09:30:00,2021-08-24 09:30:00,17995,10,0.000556018904642758,18190,17985,18190,1587
2021-08-23 17:00:00,2021-08-23 17:00:00,17985,80,0.00446802569114772,17905,17905,18005,4411
2021-08-23 16:30:00,2021-08-23 16:30:00,17905,-5,-0.000279173646007817,17900,17885,17980,1178
2021-08-23 16:00:00,2021-08-23 16:00:00,17910,30,0.00167785234899329,17885,17865,17915,840
2021-08-23 15:30:00,2021-08-23 15:30:00,17880,-60,-0.00334448160535117,17935,17875,17935,1036
2021-08-23 15:00:00,2021-08-23 15:00:00,17940,-45,-0.00250208507089241,17985,17935,18000,745
2021-08-23 14:30:00,2021-08-23 14:30:00,17985,0,0,17980,17975,18015,640
2021-08-23 14:00:00,2021-08-23 14:00:00,17985,-10,-0.000555709919422062,17990,17940,18005,393
2021-08-23 13:30:00,2021-08-23 13:30:00,17995,5,0.000277932184546971,17995,17975,18010,485
2021-08-23 13:00:00,2021-08-23 13:00:00,17990,0,0,17990,17945,17995,457
2021-08-23 12:30:00,2021-08-23 12:30:00,17990,-5,-0.000277854959711031,17995,17975,18005,384
2021-08-23 12:00:00,2021-08-23 12:00:00,17995,-20,-0.00111018595614765,18005,17970,18045,724
2021-08-23 11:30:00,2021-08-23 11:30:00,18015,-25,-0.00138580931263858,18045,18010,18055,378
2021-08-23 11:00:00,2021-08-23 11:00:00,18040,-30,-0.00166021029330382,18065,17995,18070,481
2021-08-23 10:30:00,2021-08-23 10:30:00,18070,45,0.00249653259361997,18015,17970,18115,938
2021-08-23 10:00:00,2021-08-23 10:00:00,18025,-40,-0.00221422640464988,18070,18020,18150,1386
2021-08-23 09:30:00,2021-08-23 09:30:00,18065,220,0.0123283833006444,18090,18050,18200,2196
2021-08-20 17:00:00,2021-08-20 17:00:00,17845,-95,-0.00529542920847269,17945,17755,17950,11856
2021-08-20 16:30:00,2021-08-20 16:30:00,17940,-30,-0.00166944908180301,17960,17920,17995,2054
2021-08-20 16:00:00,2021-08-20 16:00:00,17970,-35,-0.00194390447098028,18000,17965,18065,1654
2021-08-20 15:30:00,2021-08-20 15:30:00,18005,-70,-0.00387275242047026,18080,18005,18120,1522
2021-08-20 15:00:00,2021-08-20 15:00:00,18075,-65,-0.0035832414553473,18135,18070,18145,873
2021-08-20 14:30:00,2021-08-20 14:30:00,18140,40,0.00220994475138122,18095,18055,18145,731
2021-08-20 14:00:00,2021-08-20 14:00:00,18100,-100,-0.00549450549450549,18205,18075,18220,917
2021-08-20 13:30:00,2021-08-20 13:30:00,18200,-5,-0.000274649821477616,18195,18160,18215,1109
2021-08-20 13:00:00,2021-08-20 13:00:00,18205,75,0.00413678985107557,18130,18125,18260,965
2021-08-20 12:30:00,2021-08-20 12:30:00,18130,20,0.00110436223081171,18110,18060,18170,812
2021-08-20 12:00:00,2021-08-20 12:00:00,18110,-80,-0.00439802089059923,18175,18100,18200,886
2021-08-20 11:30:00,2021-08-20 11:30:00,18190,70,0.00386313465783664,18115,18105,18195,806
2021-08-20 11:00:00,2021-08-20 11:00:00,18120,160,0.0089086859688196,17960,17960,18135,921
2021-08-20 10:30:00,2021-08-20 10:30:00,17960,-45,-0.00249930574840322,18010,17955,18055,1877
2021-08-20 10:00:00,2021-08-20 10:00:00,18005,-155,-0.0085352422907489,18155,17965,18185,3740
2021-08-20 09:30:00,2021-08-20 09:30:00,18160,-225,-0.0122382376937721,18375,18130,18375,2456
2021-08-19 17:00:00,2021-08-19 17:00:00,18385,-105,-0.00567874526771228,18495,18350,18495,6732
2021-08-19 16:30:00,2021-08-19 16:30:00,18490,165,0.00900409276944066,18325,18325,18510,2060
2021-08-19 16:00:00,2021-08-19 16:00:00,18325,100,0.00548696844993141,18220,18205,18360,1910
2021-08-19 15:30:00,2021-08-19 15:30:00,18225,140,0.00774122200718828,18080,18055,18245,1443
2021-08-19 15:00:00,2021-08-19 15:00:00,18085,-115,-0.00631868131868132,18205,18045,18210,2593
2021-08-19 14:30:00,2021-08-19 14:30:00,18200,-100,-0.00546448087431694,18295,18185,18320,984
2021-08-19 14:00:00,2021-08-19 14:00:00,18300,80,0.00439077936333699,18225,18195,18315,764
2021-08-19 13:30:00,2021-08-19 13:30:00,18220,-95,-0.00518700518700519,18315,18190,18330,1565
2021-08-19 13:00:00,2021-08-19 13:00:00,18315,10,0.000546298825457525,18310,18270,18345,552
2021-08-19 12:30:00,2021-08-19 12:30:00,18305,-60,-0.00326708412741628,18370,18295,18370,703
2021-08-19 12:00:00,2021-08-19 12:00:00,18365,25,0.00136314067611778,18345,18330,18465,1232
2021-08-19 11:30:00,2021-08-19 11:30:00,18340,70,0.00383141762452107,18270,18250,18360,2638
2021-08-19 11:00:00,2021-08-19 11:00:00,18270,-35,-0.00191204588910134,18315,18265,18390,1915
2021-08-19 10:30:00,2021-08-19 10:30:00,18305,-130,-0.0070518036343911,18425,18305,18440,1058
2021-08-19 10:00:00,2021-08-19 10:00:00,18435,-15,-0.000813008130081301,18450,18340,18485,2054
2021-08-19 09:30:00,2021-08-19 09:30:00,18450,-350,-0.0186170212765957,18565,18155,18585,3899
2021-08-18 17:00:00,2021-08-18 17:00:00,18800,80,0.00427350427350427,18715,18710,18860,6814
2021-08-18 16:30:00,2021-08-18 16:30:00,18720,40,0.00214132762312634,18680,18675,18740,1063
2021-08-18 16:00:00,2021-08-18 16:00:00,18680,-25,-0.00133654103180968,18705,18665,18765,1190
2021-08-18 15:30:00,2021-08-18 15:30:00,18705,35,0.00187466523835029,18670,18645,18705,720
2021-08-18 15:00:00,2021-08-18 15:00:00,18670,25,0.00134084204880665,18640,18625,18675,527
2021-08-18 14:30:00,2021-08-18 14:30:00,18645,25,0.00134264232008593,18620,18600,18660,815
2021-08-18 14:00:00,2021-08-18 14:00:00,18620,20,0.0010752688172043,18600,18600,18645,666
2021-08-18 13:30:00,2021-08-18 13:30:00,18600,30,0.00161550888529887,18580,18570,18620,361
2021-08-18 13:00:00,2021-08-18 13:00:00,18570,-60,-0.00322061191626409,18625,18570,18660,408
2021-08-18 12:30:00,2021-08-18 12:30:00,18630,70,0.00377155172413793,18565,18540,18670,717
2021-08-18 12:00:00,2021-08-18 12:00:00,18560,-55,-0.0029546065001343,18615,18545,18660,510
2021-08-18 11:30:00,2021-08-18 11:30:00,18615,20,0.00107555794568432,18590,18565,18635,429
2021-08-18 11:00:00,2021-08-18 11:00:00,18595,-55,-0.00294906166219839,18655,18555,18660,440
2021-08-18 10:30:00,2021-08-18 10:30:00,18650,-35,-0.00187316028900187,18680,18605,18680,532
2021-08-18 10:00:00,2021-08-18 10:00:00,18685,-85,-0.00452850293020778,18755,18670,18765,514
2021-08-18 09:30:00,2021-08-18 09:30:00,18770,35,0.00186816119562317,18735,18690,18840,1115
2021-08-17 17:00:00,2021-08-17 17:00:00,18735,25,0.00133618385889898,18705,18590,18735,6054
2021-08-17 16:30:00,2021-08-17 16:30:00,18710,-55,-0.00293098854249933,18775,18670,18785,738
2021-08-17 16:00:00,2021-08-17 16:00:00,18765,-80,-0.00424515786680817,18845,18735,18870,1627
2021-08-17 15:30:00,2021-08-17 15:30:00,18845,0,0,18845,18800,18865,898
2021-08-17 15:00:00,2021-08-17 15:00:00,18845,125,0.00667735042735043,18730,18725,18845,1312
2021-08-17 14:30:00,2021-08-17 14:30:00,18720,10,0.000534473543559594,18710,18675,18745,794
2021-08-17 14:00:00,2021-08-17 14:00:00,18710,0,0,18705,18690,18720,541
2021-08-17 13:30:00,2021-08-17 13:30:00,18710,5,0.000267308206361935,18705,18680,18730,418
2021-08-17 13:00:00,2021-08-17 13:00:00,18705,-20,-0.00106809078771696,18720,18705,18765,905
2021-08-17 12:30:00,2021-08-17 12:30:00,18725,10,0.000534330750734705,18715,18665,18730,830
2021-08-17 12:00:00,2021-08-17 12:00:00,18715,15,0.000802139037433155,18700,18655,18745,984
2021-08-17 11:30:00,2021-08-17 11:30:00,18700,120,0.00645855758880517,18585,18585,18710,1624
2021-08-17 11:00:00,2021-08-17 11:00:00,18580,40,0.00215749730312837,18535,18515,18585,613
2021-08-17 10:30:00,2021-08-17 10:30:00,18540,-25,-0.00134661998384056,18560,18495,18580,1042
2021-08-17 10:00:00,2021-08-17 10:00:00,18565,15,0.000808625336927224,18555,18470,18590,894
2021-08-17 09:30:00,2021-08-17 09:30:00,18550,55,0.00297377669640443,18420,18315,18555,1625
2021-08-16 17:00:00,2021-08-16 17:00:00,18495,40,0.00216743429964779,18455,18455,18550,5372
2021-08-16 16:30:00,2021-08-16 16:30:00,18455,40,0.00217214227531903,18410,18400,18525,1318
2021-08-16 16:00:00,2021-08-16 16:00:00,18415,-60,-0.00324763193504736,18480,18415,18510,1082
2021-08-16 15:30:00,2021-08-16 15:30:00,18475,25,0.0013550135501355,18450,18450,18530,818
2021-08-16 15:00:00,2021-08-16 15:00:00,18450,-5,-0.000270929287455974,18460,18395,18500,886
2021-08-16 14:30:00,2021-08-16 14:30:00,18455,20,0.0010848928668294,18435,18375,18455,401
2021-08-16 14:00:00,2021-08-16 14:00:00,18435,75,0.00408496732026144,18360,18355,18470,591
2021-08-16 13:30:00,2021-08-16 13:30:00,18360,55,0.00300464354001639,18310,18275,18385,481
2021-08-16 13:00:00,2021-08-16 13:00:00,18305,45,0.00246440306681271,18260,18260,18320,528
2021-08-16 12:30:00,2021-08-16 12:30:00,18260,20,0.00109649122807018,18250,18240,18310,491
2021-08-16 12:00:00,2021-08-16 12:00:00,18240,-100,-0.0054525627044711,18335,18230,18370,709
2021-08-16 11:30:00,2021-08-16 11:30:00,18340,20,0.00109170305676856,18320,18265,18350,884
2021-08-16 11:00:00,2021-08-16 11:00:00,18320,-70,-0.00380641653072322,18385,18320,18430,1093
2021-08-16 10:30:00,2021-08-16 10:30:00,18390,-115,-0.00621453661172656,18500,18385,18500,710
2021-08-16 10:00:00,2021-08-16 10:00:00,18505,-40,-0.00215691561067673,18550,18460,18570,534
2021-08-16 09:30:00,2021-08-16 09:30:00,18545,-70,-0.0037604082728982,18550,18335,18555,1681
2021-08-13 17:00:00,2021-08-13 17:00:00,18615,-35,-0.00187667560321716,18645,18615,18675,7474
2021-08-13 16:30:00,2021-08-13 16:30:00,18650,-35,-0.00187316028900187,18685,18620,18685,1587
2021-08-13 16:00:00,2021-08-13 16:00:00,18685,-80,-0.00426325606181721,18760,18685,18760,1380
2021-08-13 15:30:00,2021-08-13 15:30:00,18765,-25,-0.00133049494411921,18780,18710,18790,1098
2021-08-13 15:00:00,2021-08-13 15:00:00,18790,20,0.00106553010122536,18765,18750,18845,631
2021-08-13 14:30:00,2021-08-13 14:30:00,18770,-100,-0.00529941706412295,18865,18760,18865,1235
2021-08-13 14:00:00,2021-08-13 14:00:00,18870,-30,-0.00158730158730159,18905,18860,18905,629
2021-08-13 13:30:00,2021-08-13 13:30:00,18900,-15,-0.000793021411578113,18925,18880,18965,908
2021-08-13 13:00:00,2021-08-13 13:00:00,18915,95,0.00504782146652497,18815,18810,18915,902
2021-08-13 12:30:00,2021-08-13 12:30:00,18820,-80,-0.00423280423280423,18900,18810,18920,981
2021-08-13 12:00:00,2021-08-13 12:00:00,18900,-40,-0.00211193241816262,18935,18875,18940,957
2021-08-13 11:30:00,2021-08-13 11:30:00,18940,-65,-0.00342015259142331,19000,18940,19000,1258
2021-08-13 11:00:00,2021-08-13 11:00:00,19005,-40,-0.00210028878970859,19040,18930,19040,1382
2021-08-13 10:30:00,2021-08-13 10:30:00,19045,-40,-0.00209588682211161,19095,19045,19150,2132
2021-08-13 10:00:00,2021-08-13 10:00:00,19085,-125,-0.00650702758979698,19200,19060,19210,1475
2021-08-13 09:30:00,2021-08-13 09:30:00,19210,160,0.0083989501312336,19050,19050,19320,3732
2021-08-12 17:00:00,2021-08-12 17:00:00,19050,100,0.00527704485488127,18955,18925,19050,7846
2021-08-12 16:30:00,2021-08-12 16:30:00,18950,125,0.00664010624169987,18830,18815,18965,2220
2021-08-12 16:00:00,2021-08-12 16:00:00,18825,-140,-0.00738201950962299,18965,18820,18990,2426
2021-08-12 15:30:00,2021-08-12 15:30:00,18965,60,0.00317376355461518,18910,18855,18975,1466
2021-08-12 15:00:00,2021-08-12 15:00:00,18905,75,0.0039830058417419,18825,18825,18925,2544
2021-08-12 14:30:00,2021-08-12 14:30:00,18830,75,0.00399893361770195,18760,18760,18850,1211
2021-08-12 14:00:00,2021-08-12 14:00:00,18755,135,0.00725026852846402,18630,18620,18775,1761
2021-08-12 13:30:00,2021-08-12 13:30:00,18620,-25,-0.00134084204880665,18650,18600,18650,432
2021-08-12 13:00:00,2021-08-12 13:00:00,18645,10,0.000536624631070566,18635,18615,18665,418
2021-08-12 12:30:00,2021-08-12 12:30:00,18635,65,0.00350026925148088,18575,18565,18640,833
2021-08-12 12:00:00,2021-08-12 12:00:00,18570,90,0.00487012987012987,18490,18485,18575,1217
2021-08-12 11:30:00,2021-08-12 11:30:00,18480,-35,-0.00189035916824197,18515,18450,18525,692
2021-08-12 11:00:00,2021-08-12 11:00:00,18515,15,0.000810810810810811,18505,18475,18540,907
2021-08-12 10:30:00,2021-08-12 10:30:00,18500,65,0.00352590181719555,18430,18355,18520,1648
2021-08-12 10:00:00,2021-08-12 10:00:00,18435,145,0.00792782941498086,18285,18285,18480,2052
2021-08-12 09:30:00,2021-08-12 09:30:00,18290,-215,-0.0116184814914888,18475,18230,18565,3834
2021-08-11 17:00:00,2021-08-11 17:00:00,18505,-105,-0.00564212788823213,18615,18390,18615,11081
2021-08-11 16:30:00,2021-08-11 16:30:00,18610,-180,-0.00957956359765833,18785,18585,18790,2017
2021-08-11 16:00:00,2021-08-11 16:00:00,18790,-55,-0.00291854603343062,18840,18760,18840,1584
2021-08-11 15:30:00,2021-08-11 15:30:00,18845,85,0.00453091684434968,18765,18755,18855,2344
2021-08-11 15:00:00,2021-08-11 15:00:00,18760,100,0.00535905680600214,18665,18635,18790,2396
2021-08-11 14:30:00,2021-08-11 14:30:00,18660,-75,-0.00400320256204964,18730,18600,18735,1318
2021-08-11 14:00:00,2021-08-11 14:00:00,18735,115,0.00617615467239527,18615,18580,18735,2471
2021-08-11 13:30:00,2021-08-11 13:30:00,18620,35,0.00188323917137476,18580,18570,18670,2554
2021-08-11 13:00:00,2021-08-11 13:00:00,18585,20,0.00107729598707245,18570,18555,18605,1633
2021-08-11 12:30:00,2021-08-11 12:30:00,18565,-85,-0.00455764075067024,18655,18525,18655,2110
2021-08-11 12:00:00,2021-08-11 12:00:00,18650,200,0.010840108401084,18445,18445,18650,5589
2021-08-11 11:30:00,2021-08-11 11:30:00,18450,45,0.00244498777506112,18405,18365,18450,2001
2021-08-11 11:00:00,2021-08-11 11:00:00,18405,35,0.00190528034839412,18375,18330,18415,1212
2021-08-11 10:30:00,2021-08-11 10:30:00,18370,-75,-0.00406614258606668,18445,18320,18480,3035
2021-08-11 10:00:00,2021-08-11 10:00:00,18445,110,0.00599945459503681,18335,18245,18455,4407
2021-08-11 09:30:00,2021-08-11 09:30:00,18335,425,0.0237297599106644,17935,17935,18335,6152
2021-08-10 17:00:00,2021-08-10 17:00:00,17910,65,0.00364247688428131,17840,17800,17910,9642
2021-08-10 16:30:00,2021-08-10 16:30:00,17845,65,0.00365579302587177,17780,17770,17860,1866
2021-08-10 16:00:00,2021-08-10 16:00:00,17780,-5,-0.000281135788585887,17785,17760,17800,804
2021-08-10 15:30:00,2021-08-10 15:30:00,17785,25,0.00140765765765766,17760,17740,17810,1218
2021-08-10 15:00:00,2021-08-10 15:00:00,17760,-35,-0.00196684461927508,17800,17750,17800,568
2021-08-10 14:30:00,2021-08-10 14:30:00,17795,-15,-0.000842223469960696,17810,17755,17810,861
2021-08-10 14:00:00,2021-08-10 14:00:00,17810,-20,-0.00112170499158721,17835,17785,17855,1500
2021-08-10 13:30:00,2021-08-10 13:30:00,17830,5,0.000280504908835905,17820,17795,17830,600
2021-08-10 13:00:00,2021-08-10 13:00:00,17825,10,0.000561324726354196,17810,17800,17830,378
2021-08-10 12:30:00,2021-08-10 12:30:00,17815,25,0.0014052838673412,17785,17775,17820,312
2021-08-10 12:00:00,2021-08-10 12:00:00,17790,15,0.000843881856540084,17780,17750,17810,535
2021-08-10 11:30:00,2021-08-10 11:30:00,17775,-45,-0.00252525252525253,17815,17755,17820,347
2021-08-10 11:00:00,2021-08-10 11:00:00,17820,-10,-0.000560852495793606,17840,17800,17840,623
2021-08-10 10:30:00,2021-08-10 10:30:00,17830,20,0.00112296462661426,17810,17805,17890,1790
2021-08-10 10:00:00,2021-08-10 10:00:00,17810,20,0.00112422709387296,17785,17745,17815,1410
2021-08-10 09:30:00,2021-08-10 09:30:00,17790,180,0.010221465076661,17675,17670,17860,4023
2021-08-09 17:00:00,2021-08-09 17:00:00,17610,35,0.00199146514935989,17570,17550,17620,5764
2021-08-09 16:30:00,2021-08-09 16:30:00,17575,35,0.00199543899657925,17540,17530,17575,1656
2021-08-09 16:00:00,2021-08-09 16:00:00,17540,-5,-0.000284981476204047,17545,17490,17550,1604
2021-08-09 15:30:00,2021-08-09 15:30:00,17545,70,0.00400572246065808,17480,17480,17585,1316
2021-08-09 15:00:00,2021-08-09 15:00:00,17475,55,0.00315729047072331,17425,17420,17485,1135
2021-08-09 14:30:00,2021-08-09 14:30:00,17420,-45,-0.00257658173489837,17470,17410,17470,975
2021-08-09 14:00:00,2021-08-09 14:00:00,17465,0,0,17465,17420,17475,829
2021-08-09 13:30:00,2021-08-09 13:30:00,17465,-20,-0.00114383757506434,17490,17465,17490,460
2021-08-09 13:00:00,2021-08-09 13:00:00,17485,-40,-0.00228245363766049,17520,17470,17540,464
2021-08-09 12:30:00,2021-08-09 12:30:00,17525,50,0.00286123032904149,17480,17450,17535,767
2021-08-09 12:00:00,2021-08-09 12:00:00,17475,-75,-0.00427350427350427,17545,17440,17545,861
2021-08-09 11:30:00,2021-08-09 11:30:00,17550,45,0.0025706940874036,17505,17455,17555,754
2021-08-09 11:00:00,2021-08-09 11:00:00,17505,-45,-0.00256410256410256,17555,17505,17560,560
2021-08-09 10:30:00,2021-08-09 10:30:00,17550,45,0.0025706940874036,17505,17485,17565,1149
2021-08-09 10:00:00,2021-08-09 10:00:00,17505,40,0.00229029487546522,17460,17420,17525,1507
2021-08-09 09:30:00,2021-08-09 09:30:00,17465,100,0.00575871004894904,17615,17445,17630,3125
2021-08-06 17:00:00,2021-08-06 17:00:00,17365,-5,-0.000287852619458837,17370,17300,17390,8169
2021-08-06 16:30:00,2021-08-06 16:30:00,17370,40,0.00230813618003462,17325,17270,17395,2098
2021-08-06 16:00:00,2021-08-06 16:00:00,17330,-90,-0.00516647531572905,17425,17285,17435,1637
2021-08-06 15:30:00,2021-08-06 15:30:00,17420,165,0.00956244566792234,17260,17260,17430,1864
2021-08-06 15:00:00,2021-08-06 15:00:00,17255,55,0.00319767441860465,17195,17175,17255,960
2021-08-06 14:30:00,2021-08-06 14:30:00,17200,-15,-0.000871333139703747,17210,17185,17265,781
2021-08-06 14:00:00,2021-08-06 14:00:00,17215,-30,-0.00173963467671789,17245,17190,17245,541
2021-08-06 13:30:00,2021-08-06 13:30:00,17245,50,0.00290782204129107,17200,17170,17250,641
2021-08-06 13:00:00,2021-08-06 13:00:00,17195,85,0.00496785505552309,17105,17070,17230,723
2021-08-06 12:30:00,2021-08-06 12:30:00,17110,-60,-0.0034944670937682,17170,17000,17195,2727
2021-08-06 12:00:00,2021-08-06 12:00:00,17170,-115,-0.00665316748625976,17290,17120,17315,2115
2021-08-06 11:30:00,2021-08-06 11:30:00,17285,-5,-0.000289184499710815,17300,17265,17335,1004
2021-08-06 11:00:00,2021-08-06 11:00:00,17290,-50,-0.00288350634371396,17335,17270,17335,940
2021-08-06 10:30:00,2021-08-06 10:30:00,17340,-15,-0.000864304235090752,17365,17265,17380,2357
2021-08-06 10:00:00,2021-08-06 10:00:00,17355,10,0.000576535024502739,17340,17220,17405,1902
2021-08-06 09:30:00,2021-08-06 09:30:00,17345,30,0.00173260179035518,17880,17315,17880,4252
2021-08-05 17:00:00,2021-08-05 17:00:00,17315,15,0.000867052023121387,17300,17250,17390,8047
2021-08-05 16:30:00,2021-08-05 16:30:00,17300,-135,-0.00774304559793519,17425,17290,17440,1669
2021-08-05 16:00:00,2021-08-05 16:00:00,17435,0,0,17430,17415,17475,1211
2021-08-05 15:30:00,2021-08-05 15:30:00,17435,-30,-0.00171772115659891,17465,17420,17470,891
2021-08-05 15:00:00,2021-08-05 15:00:00,17465,5,0.000286368843069874,17460,17450,17495,481
2021-08-05 14:30:00,2021-08-05 14:30:00,17460,-50,-0.00285551113649343,17500,17450,17510,460
2021-08-05 14:00:00,2021-08-05 14:00:00,17510,45,0.00257658173489837,17460,17455,17530,777
2021-08-05 13:30:00,2021-08-05 13:30:00,17465,0,0,17465,17435,17480,1061
2021-08-05 13:00:00,2021-08-05 13:00:00,17465,-10,-0.000572246065808298,17475,17435,17495,502
2021-08-05 12:30:00,2021-08-05 12:30:00,17475,50,0.00286944045911047,17430,17430,17485,659
2021-08-05 12:00:00,2021-08-05 12:00:00,17425,5,0.000287026406429392,17425,17420,17490,739
2021-08-05 11:30:00,2021-08-05 11:30:00,17420,-25,-0.00143307537976498,17450,17410,17470,672
2021-08-05 11:00:00,2021-08-05 11:00:00,17445,125,0.00721709006928406,17315,17310,17445,1428
2021-08-05 10:30:00,2021-08-05 10:30:00,17320,-85,-0.00488365412237863,17405,17285,17405,1710
2021-08-05 10:00:00,2021-08-05 10:00:00,17405,-25,-0.00143430866322433,17430,17400,17480,1194
2021-08-05 09:30:00,2021-08-05 09:30:00,17430,-80,-0.00456881781838949,17515,17375,17550,2264
2021-08-04 17:00:00,2021-08-04 17:00:00,17510,-45,-0.00256337225861578,17555,17510,17620,9090
2021-08-04 16:30:00,2021-08-04 16:30:00,17555,40,0.00228375677990294,17515,17515,17575,1145
2021-08-04 16:00:00,2021-08-04 16:00:00,17515,-10,-0.000570613409415121,17525,17465,17540,1228
2021-08-04 15:30:00,2021-08-04 15:30:00,17525,5,0.000285388127853881,17520,17520,17560,1180
2021-08-04 15:00:00,2021-08-04 15:00:00,17520,5,0.000285469597487868,17515,17505,17535,602
2021-08-04 14:30:00,2021-08-04 14:30:00,17515,-60,-0.00341394025604552,17570,17510,17580,737
2021-08-04 14:00:00,2021-08-04 14:00:00,17575,15,0.000854214123006834,17560,17535,17585,637
2021-08-04 13:30:00,2021-08-04 13:30:00,17560,-10,-0.000569151963574274,17565,17555,17610,810
2021-08-04 13:00:00,2021-08-04 13:00:00,17570,-60,-0.00340328984685196,17620,17550,17650,1165
2021-08-04 12:30:00,2021-08-04 12:30:00,17630,5,0.000283687943262411,17620,17610,17640,561
2021-08-04 12:00:00,2021-08-04 12:00:00,17625,-30,-0.00169923534409516,17650,17620,17650,566
2021-08-04 11:30:00,2021-08-04 11:30:00,17655,40,0.00227079193868862,17620,17605,17670,1004
2021-08-04 11:00:00,2021-08-04 11:00:00,17615,0,0,17620,17595,17640,1094
2021-08-04 10:30:00,2021-08-04 10:30:00,17615,115,0.00657142857142857,17505,17485,17615,997
2021-08-04 10:00:00,2021-08-04 10:00:00,17500,-110,-0.00624645088018171,17620,17490,17650,1251
2021-08-04 09:30:00,2021-08-04 09:30:00,17610,235,0.0135251798561151,17525,17435,17625,2045
2021-08-03 17:00:00,2021-08-03 17:00:00,17375,-165,-0.00940706955530217,17545,17375,17555,8223
2021-08-03 16:30:00,2021-08-03 16:30:00,17540,155,0.0089157319528329,17385,17380,17540,1335
2021-08-03 16:00:00,2021-08-03 16:00:00,17385,-120,-0.00685518423307626,17510,17380,17555,1866
2021-08-03 15:30:00,2021-08-03 15:30:00,17505,5,0.000285714285714286,17500,17410,17520,1437
2021-08-03 15:00:00,2021-08-03 15:00:00,17500,-5,-0.000285632676378178,17510,17455,17530,964
2021-08-03 14:30:00,2021-08-03 14:30:00,17505,-75,-0.00426621160409556,17575,17500,17630,812
2021-08-03 14:00:00,2021-08-03 14:00:00,17580,-40,-0.00227014755959137,17620,17520,17620,1237
2021-08-03 13:30:00,2021-08-03 13:30:00,17620,-60,-0.00339366515837104,17680,17610,17685,532
2021-08-03 13:00:00,2021-08-03 13:00:00,17680,-10,-0.000565291124929339,17685,17620,17700,974
2021-08-03 12:30:00,2021-08-03 12:30:00,17690,-105,-0.00590053385782523,17790,17660,17790,861
2021-08-03 12:00:00,2021-08-03 12:00:00,17795,105,0.00593555681175806,17685,17655,17805,1681
2021-08-03 11:30:00,2021-08-03 11:30:00,17690,-60,-0.00338028169014085,17750,17625,17765,2231
2021-08-03 11:00:00,2021-08-03 11:00:00,17750,-160,-0.00893355667225014,17905,17735,17940,1748
2021-08-03 10:30:00,2021-08-03 10:30:00,17910,-90,-0.005,18005,17870,18030,1708
2021-08-03 10:00:00,2021-08-03 10:00:00,18000,35,0.00194823267464514,17975,17835,18045,4160
2021-08-03 09:30:00,2021-08-03 09:30:00,17965,235,0.0132543711223914,18000,17760,18000,12273
2021-08-02 17:00:00,2021-08-02 17:00:00,17730,70,0.00396375990939977,17665,17640,17795,8310
2021-08-02 16:30:00,2021-08-02 16:30:00,17660,35,0.00198581560283688,17630,17630,17710,2225
2021-08-02 16:00:00,2021-08-02 16:00:00,17625,110,0.00628033114473309,17515,17505,17640,1469
2021-08-02 15:30:00,2021-08-02 15:30:00,17515,65,0.00372492836676218,17455,17455,17530,775
2021-08-02 15:00:00,2021-08-02 15:00:00,17450,-110,-0.00626423690205011,17550,17440,17550,910
2021-08-02 14:30:00,2021-08-02 14:30:00,17560,15,0.00085494442861214,17545,17520,17565,426
2021-08-02 14:00:00,2021-08-02 14:00:00,17545,45,0.00257142857142857,17500,17480,17555,519
2021-08-02 13:30:00,2021-08-02 13:30:00,17500,-75,-0.0042674253200569,17570,17495,17570,683
2021-08-02 13:00:00,2021-08-02 13:00:00,17575,-80,-0.00453129425092042,17655,17575,17660,472
2021-08-02 12:30:00,2021-08-02 12:30:00,17655,40,0.00227079193868862,17615,17585,17655,620
2021-08-02 12:00:00,2021-08-02 12:00:00,17615,25,0.00142126208072769,17595,17595,17675,1014
2021-08-02 11:30:00,2021-08-02 11:30:00,17590,35,0.00199373397892338,17560,17545,17600,750
2021-08-02 11:00:00,2021-08-02 11:00:00,17555,-55,-0.00312322544009086,17610,17515,17610,838
2021-08-02 10:30:00,2021-08-02 10:30:00,17610,-5,-0.000283848992336077,17610,17515,17610,1166
2021-08-02 10:00:00,2021-08-02 10:00:00,17615,0,0,17620,17585,17645,1399
2021-08-02 09:30:00,2021-08-02 09:30:00,17615,200,0.0114843525696239,17560,17500,17630,1816
2021-07-30 17:00:00,2021-07-30 17:00:00,17415,-50,-0.00286286859433152,17465,17130,17515,12221
2021-07-30 16:30:00,2021-07-30 16:30:00,17465,85,0.00489067894131185,17385,17380,17480,2849
2021-07-30 16:00:00,2021-07-30 16:00:00,17380,-10,-0.000575043128234618,17395,17325,17395,1406
2021-07-30 15:30:00,2021-07-30 15:30:00,17390,115,0.00665701881331404,17280,17270,17430,2259
2021-07-30 15:00:00,2021-07-30 15:00:00,17275,110,0.0064083891639965,17170,17150,17300,2367
2021-07-30 14:30:00,2021-07-30 14:30:00,17165,-50,-0.00290444379901249,17215,17150,17215,788
2021-07-30 14:00:00,2021-07-30 14:00:00,17215,0,0,17205,17185,17230,488
2021-07-30 13:30:00,2021-07-30 13:30:00,17215,55,0.00320512820512821,17160,17150,17215,782
2021-07-30 13:00:00,2021-07-30 13:00:00,17160,60,0.00350877192982456,17095,17075,17160,622
2021-07-30 12:30:00,2021-07-30 12:30:00,17100,-5,-0.000292312189418299,17110,17070,17130,484
2021-07-30 12:00:00,2021-07-30 12:00:00,17105,-55,-0.00320512820512821,17165,17065,17170,674
2021-07-30 11:30:00,2021-07-30 11:30:00,17160,55,0.00321543408360129,17100,17100,17165,973
2021-07-30 11:00:00,2021-07-30 11:00:00,17105,35,0.00205038078500293,17075,17065,17110,896
2021-07-30 10:30:00,2021-07-30 10:30:00,17070,65,0.00382240517494854,17005,16980,17100,1133
2021-07-30 10:00:00,2021-07-30 10:00:00,17005,-80,-0.00468247000292654,17085,16915,17105,1518
2021-07-30 09:30:00,2021-07-30 09:30:00,17085,-15,-0.00087719298245614,16965,16945,17215,2146
2021-07-29 17:00:00,2021-07-29 17:00:00,17100,-50,-0.00291545189504373,17145,17100,17175,8225
2021-07-29 16:30:00,2021-07-29 16:30:00,17150,165,0.00971445392993818,16985,16960,17175,2129
2021-07-29 16:00:00,2021-07-29 16:00:00,16985,25,0.00147405660377359,16955,16910,17075,2206
2021-07-29 15:30:00,2021-07-29 15:30:00,16960,15,0.000885216878135143,16945,16885,16970,1629
2021-07-29 15:00:00,2021-07-29 15:00:00,16945,-10,-0.000589796520200531,16960,16940,16985,1098
2021-07-29 14:30:00,2021-07-29 14:30:00,16955,-30,-0.00176626435089785,16980,16945,16985,972
2021-07-29 14:00:00,2021-07-29 14:00:00,16985,15,0.000883912787271656,16975,16935,17000,962
2021-07-29 13:30:00,2021-07-29 13:30:00,16970,-40,-0.00235155790711346,17015,16970,17015,660
2021-07-29 13:00:00,2021-07-29 13:00:00,17010,35,0.00206185567010309,16980,16970,17015,726
2021-07-29 12:30:00,2021-07-29 12:30:00,16975,-5,-0.000294464075382803,16980,16960,17015,966
2021-07-29 12:00:00,2021-07-29 12:00:00,16980,10,0.000589275191514437,16970,16930,17015,1238
2021-07-29 11:30:00,2021-07-29 11:30:00,16970,-120,-0.00702165008777063,17085,16970,17100,1368
2021-07-29 11:00:00,2021-07-29 11:00:00,17090,-25,-0.00146070698217937,17105,17065,17115,1267
2021-07-29 10:30:00,2021-07-29 10:30:00,17115,-120,-0.00696257615317668,17235,17065,17240,1337
2021-07-29 10:00:00,2021-07-29 10:00:00,17235,80,0.00466336345088895,17170,17120,17250,896
2021-07-29 09:30:00,2021-07-29 09:30:00,17155,65,0.00380339379754242,17160,17130,17345,2789
2021-07-28 17:00:00,2021-07-28 17:00:00,17090,-50,-0.0029171528588098,17140,17090,17195,10518
2021-07-28 16:30:00,2021-07-28 16:30:00,17140,-85,-0.00493468795355588,17230,17130,17245,1543
2021-07-28 16:00:00,2021-07-28 16:00:00,17225,15,0.000871586287042417,17215,17195,17265,1362
2021-07-28 15:30:00,2021-07-28 15:30:00,17210,-100,-0.00577700751010976,17305,17205,17305,1732
2021-07-28 15:00:00,2021-07-28 15:00:00,17310,10,0.000578034682080925,17295,17295,17325,510
2021-07-28 14:30:00,2021-07-28 14:30:00,17300,10,0.000578368999421631,17290,17270,17310,459
2021-07-28 14:00:00,2021-07-28 14:00:00,17290,-85,-0.00489208633093525,17375,17285,17375,691
2021-07-28 13:30:00,2021-07-28 13:30:00,17375,-5,-0.000287686996547756,17385,17355,17395,846
2021-07-28 13:00:00,2021-07-28 13:00:00,17380,35,0.00201787258575958,17350,17315,17395,808
2021-07-28 12:30:00,2021-07-28 12:30:00,17345,-35,-0.00201380897583429,17385,17340,17395,659
2021-07-28 12:00:00,2021-07-28 12:00:00,17380,40,0.00230680507497117,17335,17305,17395,809
2021-07-28 11:30:00,2021-07-28 11:30:00,17340,60,0.00347222222222222,17275,17265,17360,793
2021-07-28 11:00:00,2021-07-28 11:00:00,17280,-55,-0.00317277184886069,17335,17250,17345,795
2021-07-28 10:30:00,2021-07-28 10:30:00,17335,-20,-0.00115240564678767,17350,17270,17360,982
2021-07-28 10:00:00,2021-07-28 10:00:00,17355,0,0,17360,17305,17410,1173
2021-07-28 09:30:00,2021-07-28 09:30:00,17355,-160,-0.00913502711961176,17415,17295,17495,2656
2021-07-27 17:00:00,2021-07-27 17:00:00,17515,-40,-0.00227855311876958,17555,17435,17555,5638
2021-07-27 16:30:00,2021-07-27 16:30:00,17555,75,0.00429061784897025,17480,17480,17575,1383
2021-07-27 16:00:00,2021-07-27 16:00:00,17480,-5,-0.000285959393766085,17480,17450,17510,1299
2021-07-27 15:30:00,2021-07-27 15:30:00,17485,0,0,17480,17460,17490,394
2021-07-27 15:00:00,2021-07-27 15:00:00,17485,0,0,17480,17470,17490,402
2021-07-27 14:30:00,2021-07-27 14:30:00,17485,20,0.00114514743773261,17460,17455,17490,390
2021-07-27 14:00:00,2021-07-27 14:00:00,17465,55,0.00315910396323952,17410,17405,17470,510
2021-07-27 13:30:00,2021-07-27 13:30:00,17410,5,0.000287273771904625,17410,17400,17435,359
2021-07-27 13:00:00,2021-07-27 13:00:00,17405,55,0.0031700288184438,17360,17360,17430,491
2021-07-27 12:30:00,2021-07-27 12:30:00,17350,-10,-0.000576036866359447,17355,17315,17365,442
2021-07-27 12:00:00,2021-07-27 12:00:00,17360,45,0.00259890268553278,17320,17315,17370,458
2021-07-27 11:30:00,2021-07-27 11:30:00,17315,40,0.00231548480463097,17280,17255,17330,640
2021-07-27 11:00:00,2021-07-27 11:00:00,17275,20,0.00115908432338453,17255,17250,17330,546
2021-07-27 10:30:00,2021-07-27 10:30:00,17255,-60,-0.00346520358071037,17310,17240,17360,830
2021-07-27 10:00:00,2021-07-27 10:00:00,17315,-5,-0.000288683602771363,17315,17250,17335,720
2021-07-27 09:30:00,2021-07-27 09:30:00,17320,-160,-0.0091533180778032,17470,17200,17470,2226
2021-07-26 17:00:00,2021-07-26 17:00:00,17480,10,0.000572409845449342,17470,17455,17545,4880
2021-07-26 16:30:00,2021-07-26 16:30:00,17470,-80,-0.00455840455840456,17545,17465,17560,1050
2021-07-26 16:00:00,2021-07-26 16:00:00,17550,80,0.00457927876359473,17480,17480,17565,1196
2021-07-26 15:30:00,2021-07-26 15:30:00,17470,-135,-0.00766827605793809,17605,17460,17610,980
2021-07-26 15:00:00,2021-07-26 15:00:00,17605,-70,-0.00396039603960396,17680,17595,17685,574
2021-07-26 14:30:00,2021-07-26 14:30:00,17675,15,0.000849377123442809,17655,17650,17695,369
2021-07-26 14:00:00,2021-07-26 14:00:00,17660,70,0.00397953382603752,17595,17595,17660,784
2021-07-26 13:30:00,2021-07-26 13:30:00,17590,10,0.000568828213879408,17580,17555,17600,342
2021-07-26 13:00:00,2021-07-26 13:00:00,17580,-5,-0.000284333238555587,17590,17565,17640,639
2021-07-26 12:30:00,2021-07-26 12:30:00,17585,-15,-0.000852272727272727,17615,17585,17640,323
2021-07-26 12:00:00,2021-07-26 12:00:00,17600,35,0.00199259891830344,17565,17560,17645,509
2021-07-26 11:30:00,2021-07-26 11:30:00,17565,50,0.00285469597487868,17510,17495,17570,752
2021-07-26 11:00:00,2021-07-26 11:00:00,17515,55,0.00315005727376861,17460,17440,17515,638
2021-07-26 10:30:00,2021-07-26 10:30:00,17460,-70,-0.00399315459212778,17525,17450,17530,817
2021-07-26 10:00:00,2021-07-26 10:00:00,17530,50,0.0028604118993135,17485,17480,17550,729
2021-07-26 09:30:00,2021-07-26 09:30:00,17480,100,0.00575373993095512,17400,17395,17550,1807
2021-07-23 17:00:00,2021-07-23 17:00:00,17380,-5,-0.000287604256542997,17380,17350,17400,5180
2021-07-23 16:30:00,2021-07-23 16:30:00,17385,65,0.00375288683602771,17320,17295,17390,1123
2021-07-23 16:00:00,2021-07-23 16:00:00,17320,-60,-0.00345224395857307,17375,17305,17395,1304
2021-07-23 15:30:00,2021-07-23 15:30:00,17380,-40,-0.00229621125143513,17410,17360,17410,697
2021-07-23 15:00:00,2021-07-23 15:00:00,17420,70,0.00403458213256484,17350,17325,17425,1098
2021-07-23 14:30:00,2021-07-23 14:30:00,17350,70,0.00405092592592593,17285,17285,17355,715
2021-07-23 14:00:00,2021-07-23 14:00:00,17280,0,0,17285,17265,17290,459
2021-07-23 13:30:00,2021-07-23 13:30:00,17280,-25,-0.0014446691707599,17305,17255,17305,642
2021-07-23 13:00:00,2021-07-23 13:00:00,17305,10,0.000578201792425557,17300,17275,17320,420
2021-07-23 12:30:00,2021-07-23 12:30:00,17295,-45,-0.00259515570934256,17340,17295,17360,548
2021-07-23 12:00:00,2021-07-23 12:00:00,17340,20,0.00115473441108545,17330,17285,17355,971
2021-07-23 11:30:00,2021-07-23 11:30:00,17320,55,0.00318563567911961,17270,17265,17335,642
2021-07-23 11:00:00,2021-07-23 11:00:00,17265,-15,-0.000868055555555556,17285,17260,17300,546
2021-07-23 10:30:00,2021-07-23 10:30:00,17280,-75,-0.00432152117545376,17345,17270,17355,695
2021-07-23 10:00:00,2021-07-23 10:00:00,17355,65,0.0037593984962406,17300,17240,17355,1176
2021-07-23 09:30:00,2021-07-23 09:30:00,17290,85,0.004940424295263,17225,17100,17330,2316
2021-07-22 17:00:00,2021-07-22 17:00:00,17205,-130,-0.0074992789154889,17335,17205,17360,9264
2021-07-22 16:30:00,2021-07-22 16:30:00,17335,0,0,17350,17305,17355,935
2021-07-22 16:00:00,2021-07-22 16:00:00,17335,-15,-0.000864553314121037,17345,17290,17390,1101
2021-07-22 15:30:00,2021-07-22 15:30:00,17350,-35,-0.00201322979580098,17385,17345,17415,757
2021-07-22 15:00:00,2021-07-22 15:00:00,17385,-20,-0.0011490950876185,17400,17360,17400,753
2021-07-22 14:30:00,2021-07-22 14:30:00,17405,-30,-0.00172067679954115,17430,17405,17440,193
2021-07-22 14:00:00,2021-07-22 14:00:00,17435,-35,-0.0020034344590727,17465,17405,17465,464
2021-07-22 13:30:00,2021-07-22 13:30:00,17470,-15,-0.000857878181298256,17475,17450,17475,427
2021-07-22 13:00:00,2021-07-22 13:00:00,17485,45,0.0025802752293578,17445,17445,17515,351
2021-07-22 12:30:00,2021-07-22 12:30:00,17440,-35,-0.00200286123032904,17475,17425,17480,511
2021-07-22 12:00:00,2021-07-22 12:00:00,17475,-35,-0.0019988577955454,17505,17460,17515,546
2021-07-22 11:30:00,2021-07-22 11:30:00,17510,25,0.00142979696883043,17490,17480,17530,560
2021-07-22 11:00:00,2021-07-22 11:00:00,17485,-35,-0.00199771689497717,17520,17435,17530,514
2021-07-22 10:30:00,2021-07-22 10:30:00,17520,-85,-0.00482817381425731,17595,17505,17595,736
2021-07-22 10:00:00,2021-07-22 10:00:00,17605,150,0.00859352621025494,17450,17450,17610,930
2021-07-22 09:30:00,2021-07-22 09:30:00,17455,205,0.0118840579710145,17375,17370,17510,1764
2021-07-21 17:00:00,2021-07-21 17:00:00,17250,-95,-0.00547708273277602,17335,17250,17380,7245
2021-07-21 16:30:00,2021-07-21 16:30:00,17345,-5,-0.000288184438040346,17350,17345,17410,1154
2021-07-21 16:00:00,2021-07-21 16:00:00,17350,55,0.00318010985834056,17290,17285,17400,1460
2021-07-21 15:30:00,2021-07-21 15:30:00,17295,-20,-0.00115506786023679,17320,17265,17325,580
2021-07-21 15:00:00,2021-07-21 15:00:00,17315,25,0.00144592249855408,17290,17280,17335,671
2021-07-21 14:30:00,2021-07-21 14:30:00,17290,50,0.00290023201856148,17245,17240,17295,435
2021-07-21 14:00:00,2021-07-21 14:00:00,17240,-10,-0.000579710144927536,17250,17210,17255,530
2021-07-21 13:30:00,2021-07-21 13:30:00,17250,-90,-0.00519031141868512,17335,17245,17335,525
2021-07-21 13:00:00,2021-07-21 13:00:00,17340,50,0.00289184499710815,17290,17270,17340,521
2021-07-21 12:30:00,2021-07-21 12:30:00,17290,20,0.00115807759119861,17275,17255,17305,351
2021-07-21 12:00:00,2021-07-21 12:00:00,17270,-5,-0.000289435600578871,17275,17215,17280,551
2021-07-21 11:30:00,2021-07-21 11:30:00,17275,-5,-0.000289351851851852,17270,17230,17280,603
2021-07-21 11:00:00,2021-07-21 11:00:00,17280,-75,-0.00432152117545376,17355,17280,17365,740
2021-07-21 10:30:00,2021-07-21 10:30:00,17355,5,0.000288184438040346,17345,17320,17365,750
2021-07-21 10:00:00,2021-07-21 10:00:00,17350,150,0.00872093023255814,17215,17185,17360,1968
2021-07-21 09:30:00,2021-07-21 09:30:00,17200,145,0.00850190559953093,17090,17075,17250,2939
2021-07-20 17:00:00,2021-07-20 17:00:00,17055,70,0.00412128348542832,16980,16950,17075,10290
2021-07-20 16:30:00,2021-07-20 16:30:00,16985,5,0.000294464075382803,16990,16925,17055,2216
2021-07-20 16:00:00,2021-07-20 16:00:00,16980,-65,-0.003813435024934,17045,16935,17065,2382
2021-07-20 15:30:00,2021-07-20 15:30:00,17045,-35,-0.00204918032786885,17085,17045,17125,814
2021-07-20 15:00:00,2021-07-20 15:00:00,17080,-120,-0.00697674418604651,17195,17060,17200,1057
2021-07-20 14:30:00,2021-07-20 14:30:00,17200,25,0.00145560407569141,17180,17155,17210,868
2021-07-20 14:00:00,2021-07-20 14:00:00,17175,105,0.00615114235500879,17075,17075,17185,1028
2021-07-20 13:30:00,2021-07-20 13:30:00,17070,45,0.0026431718061674,17025,16965,17070,813
2021-07-20 13:00:00,2021-07-20 13:00:00,17025,-35,-0.00205158264947245,17065,17010,17080,486
2021-07-20 12:30:00,2021-07-20 12:30:00,17060,110,0.00648967551622419,16945,16940,17075,850
2021-07-20 12:00:00,2021-07-20 12:00:00,16950,-135,-0.00790166812993854,17090,16925,17090,1084
2021-07-20 11:30:00,2021-07-20 11:30:00,17085,-110,-0.00639720849084036,17195,17065,17195,879
2021-07-20 11:00:00,2021-07-20 11:00:00,17195,-20,-0.001161777519605,17230,17180,17250,742
2021-07-20 10:30:00,2021-07-20 10:30:00,17215,-30,-0.00173963467671789,17240,17215,17315,843
2021-07-20 10:00:00,2021-07-20 10:00:00,17245,-35,-0.00202546296296296,17295,17200,17325,899
2021-07-20 09:30:00,2021-07-20 09:30:00,17280,195,0.0114135206321334,17130,17130,17400,2542
2021-07-19 17:00:00,2021-07-19 17:00:00,17085,5,0.000292740046838407,17075,17035,17190,8754
2021-07-19 16:30:00,2021-07-19 16:30:00,17080,70,0.00411522633744856,17000,16960,17080,2372
2021-07-19 16:00:00,2021-07-19 16:00:00,17010,-25,-0.00146756677428823,17030,16995,17085,1636
2021-07-19 15:30:00,2021-07-19 15:30:00,17035,45,0.00264861683343143,16980,16950,17055,852
2021-07-19 15:00:00,2021-07-19 15:00:00,16990,30,0.0017688679245283,16955,16930,17005,860
2021-07-19 14:30:00,2021-07-19 14:30:00,16960,-65,-0.00381791483113069,17030,16945,17035,666
2021-07-19 14:00:00,2021-07-19 14:00:00,17025,-30,-0.00175901495162709,17040,16925,17040,1658
2021-07-19 13:30:00,2021-07-19 13:30:00,17055,-25,-0.00146370023419204,17080,17035,17085,623
2021-07-19 13:00:00,2021-07-19 13:00:00,17080,-50,-0.00291885580852306,17125,17040,17125,925
2021-07-19 12:30:00,2021-07-19 12:30:00,17130,-45,-0.00262008733624454,17180,17085,17180,993
2021-07-19 12:00:00,2021-07-19 12:00:00,17175,-25,-0.00145348837209302,17200,17130,17225,1065
2021-07-19 11:30:00,2021-07-19 11:30:00,17200,-10,-0.000581057524694945,17215,17200,17275,709
2021-07-19 11:00:00,2021-07-19 11:00:00,17210,-100,-0.00577700751010976,17305,17210,17325,687
2021-07-19 10:30:00,2021-07-19 10:30:00,17310,105,0.00610287707061901,17210,17210,17355,1877
2021-07-19 10:00:00,2021-07-19 10:00:00,17205,-20,-0.0011611030478955,17230,17095,17240,1056
2021-07-19 09:30:00,2021-07-19 09:30:00,17225,-115,-0.0066320645905421,17145,17145,17350,1920
2021-07-16 17:00:00,2021-07-16 17:00:00,17340,40,0.0023121387283237,17295,17295,17380,7840
2021-07-16 16:30:00,2021-07-16 16:30:00,17300,-70,-0.00402993667242372,17385,17260,17390,2236
2021-07-16 16:00:00,2021-07-16 16:00:00,17370,-35,-0.00201091640333238,17405,17325,17435,2948
2021-07-16 15:30:00,2021-07-16 15:30:00,17405,50,0.00288101411696917,17350,17345,17410,2232
2021-07-16 15:00:00,2021-07-16 15:00:00,17355,45,0.00259965337954939,17310,17285,17370,1993
2021-07-16 14:30:00,2021-07-16 14:30:00,17310,15,0.000867302688638335,17305,17280,17330,890
2021-07-16 14:00:00,2021-07-16 14:00:00,17295,15,0.000868055555555556,17280,17280,17325,995
2021-07-16 13:30:00,2021-07-16 13:30:00,17280,-20,-0.00115606936416185,17295,17235,17320,983
2021-07-16 13:00:00,2021-07-16 13:00:00,17300,10,0.000578368999421631,17280,17250,17310,925
2021-07-16 12:30:00,2021-07-16 12:30:00,17290,10,0.000578703703703704,17280,17210,17345,1431
2021-07-16 12:00:00,2021-07-16 12:00:00,17280,35,0.0020295737895042,17250,17245,17290,1105
2021-07-16 11:30:00,2021-07-16 11:30:00,17245,-20,-0.00115841297422531,17275,17220,17290,1275
2021-07-16 11:00:00,2021-07-16 11:00:00,17265,85,0.00494761350407451,17180,17180,17275,1742
2021-07-16 10:30:00,2021-07-16 10:30:00,17180,35,0.00204141149023039,17145,17080,17185,3035
2021-07-16 10:00:00,2021-07-16 10:00:00,17145,-150,-0.00867302688638335,17295,17125,17310,2740
2021-07-16 09:30:00,2021-07-16 09:30:00,17295,55,0.00319025522041763,17265,17260,17495,2807
2021-07-15 17:00:00,2021-07-15 17:00:00,17240,-70,-0.00404390525707683,17315,17130,17345,12822
2021-07-15 16:30:00,2021-07-15 16:30:00,17310,-50,-0.00288018433179724,17365,17255,17390,2362
2021-07-15 16:00:00,2021-07-15 16:00:00,17360,-10,-0.000575705238917674,17365,17305,17400,2112
2021-07-15 15:30:00,2021-07-15 15:30:00,17370,-65,-0.0037281330656725,17430,17345,17450,842
2021-07-15 15:00:00,2021-07-15 15:00:00,17435,-65,-0.00371428571428571,17505,17405,17545,1695
2021-07-15 14:30:00,2021-07-15 14:30:00,17500,-85,-0.00483366505544498,17590,17475,17600,1115
2021-07-15 14:00:00,2021-07-15 14:00:00,17585,25,0.00142369020501139,17550,17505,17625,1152
2021-07-15 13:30:00,2021-07-15 13:30:00,17560,-95,-0.005380911922968,17655,17515,17655,2091
2021-07-15 13:00:00,2021-07-15 13:00:00,17655,-25,-0.00141402714932127,17675,17640,17695,1380
2021-07-15 12:30:00,2021-07-15 12:30:00,17680,-125,-0.00702049985959,17805,17665,17815,1070
2021-07-15 12:00:00,2021-07-15 12:00:00,17805,-15,-0.000841750841750842,17820,17795,17830,929
2021-07-15 11:30:00,2021-07-15 11:30:00,17820,-10,-0.000560852495793606,17820,17805,17850,636
2021-07-15 11:00:00,2021-07-15 11:00:00,17830,40,0.00224845418774592,17795,17760,17865,1180
2021-07-15 10:30:00,2021-07-15 10:30:00,17790,95,0.0053687482339644,17695,17655,17790,1471
2021-07-15 10:00:00,2021-07-15 10:00:00,17695,-115,-0.006457046603032,17805,17695,17830,1819
2021-07-15 09:30:00,2021-07-15 09:30:00,17810,-15,-0.000841514726507714,17845,17750,17965,2145
2021-07-14 17:00:00,2021-07-14 17:00:00,17825,-20,-0.0011207621182404,17840,17765,17860,8247
2021-07-14 16:30:00,2021-07-14 16:30:00,17845,-35,-0.00195749440715884,17890,17840,17905,1900
2021-07-14 16:00:00,2021-07-14 16:00:00,17880,-30,-0.0016750418760469,17905,17880,17985,1845
2021-07-14 15:30:00,2021-07-14 15:30:00,17910,20,0.00111794298490777,17890,17885,17920,1373
2021-07-14 15:00:00,2021-07-14 15:00:00,17890,80,0.00449185850645705,17805,17800,17900,1263
2021-07-14 14:30:00,2021-07-14 14:30:00,17810,-5,-0.000280662363177098,17805,17800,17845,1047
2021-07-14 14:00:00,2021-07-14 14:00:00,17815,25,0.0014052838673412,17785,17775,17815,892
2021-07-14 13:30:00,2021-07-14 13:30:00,17790,-30,-0.00168350168350168,17815,17775,17840,1112
2021-07-14 13:00:00,2021-07-14 13:00:00,17820,55,0.00309597523219814,17770,17760,17860,1051
2021-07-14 12:30:00,2021-07-14 12:30:00,17765,20,0.00112707805015497,17750,17735,17775,641
2021-07-14 12:00:00,2021-07-14 12:00:00,17745,25,0.00141083521444695,17720,17710,17780,809
2021-07-14 11:30:00,2021-07-14 11:30:00,17720,-5,-0.000282087447108604,17725,17685,17730,1062
2021-07-14 11:00:00,2021-07-14 11:00:00,17725,-55,-0.0030933633295838,17780,17705,17795,1330
2021-07-14 10:30:00,2021-07-14 10:30:00,17780,-160,-0.00891861761426979,17935,17765,17935,1596
2021-07-14 10:00:00,2021-07-14 10:00:00,17940,95,0.00532362006164192,17845,17805,17950,1487
2021-07-14 09:30:00,2021-07-14 09:30:00,17845,80,0.00450323670137912,17765,17715,17980,2362
2021-07-13 17:00:00,2021-07-13 17:00:00,17765,-70,-0.00392486683487525,17835,17765,17840,6823
2021-07-13 16:30:00,2021-07-13 16:30:00,17835,-50,-0.00279563880346659,17890,17820,17890,1211
2021-07-13 16:00:00,2021-07-13 16:00:00,17885,-10,-0.000558815311539536,17900,17880,17915,877
2021-07-13 15:30:00,2021-07-13 15:30:00,17895,55,0.00308295964125561,17850,17850,17915,1187
2021-07-13 15:00:00,2021-07-13 15:00:00,17840,15,0.000841514726507714,17825,17790,17900,1336
2021-07-13 14:30:00,2021-07-13 14:30:00,17825,-10,-0.000560695262125035,17840,17805,17855,571
2021-07-13 14:00:00,2021-07-13 14:00:00,17835,-50,-0.00279563880346659,17890,17825,17905,814
2021-07-13 13:30:00,2021-07-13 13:30:00,17885,-15,-0.000837988826815642,17900,17875,17920,790
2021-07-13 13:00:00,2021-07-13 13:00:00,17900,5,0.000279407655769768,17895,17885,17945,966
2021-07-13 12:30:00,2021-07-13 12:30:00,17895,0,0,17890,17880,17920,647
2021-07-13 12:00:00,2021-07-13 12:00:00,17895,-5,-0.000279329608938547,17905,17870,17910,457
2021-07-13 11:30:00,2021-07-13 11:30:00,17900,5,0.000279407655769768,17890,17870,17910,574
2021-07-13 11:00:00,2021-07-13 11:00:00,17895,-50,-0.00278629144608526,17955,17885,17960,1143
2021-07-13 10:30:00,2021-07-13 10:30:00,17945,-45,-0.00250138966092273,18000,17895,18010,1036
2021-07-13 10:00:00,2021-07-13 10:00:00,17990,-10,-0.000555555555555556,18005,17945,18035,740
2021-07-13 09:30:00,2021-07-13 09:30:00,18000,-120,-0.00662251655629139,18120,17975,18215,2317
2021-07-12 17:00:00,2021-07-12 17:00:00,18120,-35,-0.00192784356926467,18165,18120,18215,5984
2021-07-12 16:30:00,2021-07-12 16:30:00,18155,-65,-0.00356750823271131,18220,18110,18245,1627
2021-07-12 16:00:00,2021-07-12 16:00:00,18220,70,0.00385674931129477,18155,18095,18240,2031
2021-07-12 15:30:00,2021-07-12 15:30:00,18150,5,0.000275558004960044,18150,18120,18170,937
2021-07-12 15:00:00,2021-07-12 15:00:00,18145,45,0.00248618784530387,18095,18090,18160,793
2021-07-12 14:30:00,2021-07-12 14:30:00,18100,40,0.00221483942414175,18055,18025,18120,786
2021-07-12 14:00:00,2021-07-12 14:00:00,18060,55,0.00305470702582616,18005,17965,18060,671
2021-07-12 13:30:00,2021-07-12 13:30:00,18005,85,0.00474330357142857,17920,17920,18025,920
2021-07-12 13:00:00,2021-07-12 13:00:00,17920,-10,-0.000557724484104852,17920,17890,17980,818
2021-07-12 12:30:00,2021-07-12 12:30:00,17930,65,0.00363839910439407,17870,17850,17935,1472
2021-07-12 12:00:00,2021-07-12 12:00:00,17865,135,0.00761421319796954,17735,17715,17885,1200
2021-07-12 11:30:00,2021-07-12 11:30:00,17730,15,0.000846740050804403,17720,17680,17740,1004
2021-07-12 11:00:00,2021-07-12 11:00:00,17715,-5,-0.000282167042889391,17715,17690,17785,1867
2021-07-12 10:30:00,2021-07-12 10:30:00,17720,-75,-0.00421466704130374,17785,17705,17830,2461
2021-07-12 10:00:00,2021-07-12 10:00:00,17795,-240,-0.0133074577210979,18025,17765,18035,2424
2021-07-12 09:30:00,2021-07-12 09:30:00,18035,-10,-0.000554170130229981,17940,17900,18145,2517
2021-07-09 17:00:00,2021-07-09 17:00:00,18045,55,0.00305725403001668,17990,17960,18085,5944
2021-07-09 16:30:00,2021-07-09 16:30:00,17990,200,0.0112422709387296,17795,17790,17990,2647
2021-07-09 16:00:00,2021-07-09 16:00:00,17790,110,0.00622171945701357,17685,17685,17800,2380
2021-07-09 15:30:00,2021-07-09 15:30:00,17680,-40,-0.00225733634311512,17725,17660,17790,1987
2021-07-09 15:00:00,2021-07-09 15:00:00,17720,55,0.00311350127370507,17665,17650,17740,1192
2021-07-09 14:30:00,2021-07-09 14:30:00,17665,65,0.00369318181818182,17605,17565,17710,1406
2021-07-09 14:00:00,2021-07-09 14:00:00,17600,-45,-0.00255029753471238,17640,17520,17655,1662
2021-07-09 13:30:00,2021-07-09 13:30:00,17645,-50,-0.00282565696524442,17700,17630,17715,1800
2021-07-09 13:00:00,2021-07-09 13:00:00,17695,120,0.00682788051209104,17590,17555,17700,1763
2021-07-09 12:30:00,2021-07-09 12:30:00,17575,25,0.00142450142450142,17545,17525,17665,1320
2021-07-09 12:00:00,2021-07-09 12:00:00,17550,-70,-0.0039727582292849,17620,17470,17630,2729
2021-07-09 11:30:00,2021-07-09 11:30:00,17620,75,0.0042747221430607,17540,17530,17655,1938
2021-07-09 11:00:00,2021-07-09 11:00:00,17545,40,0.00228506141102542,17500,17490,17585,1534
2021-07-09 10:30:00,2021-07-09 10:30:00,17505,-15,-0.000856164383561644,17540,17460,17575,2063
2021-07-09 10:00:00,2021-07-09 10:00:00,17520,20,0.00114285714285714,17505,17365,17570,5052
2021-07-09 09:30:00,2021-07-09 09:30:00,17500,-575,-0.0318118948824343,17860,17400,18000,10760
2021-07-08 17:00:00,2021-07-08 17:00:00,18075,10,0.000553556601162469,18060,18040,18145,10476
2021-07-08 16:30:00,2021-07-08 16:30:00,18065,80,0.00444815123714206,17980,17875,18085,3906
2021-07-08 16:00:00,2021-07-08 16:00:00,17985,-30,-0.00166527893422148,18020,17905,18080,3293
2021-07-08 15:30:00,2021-07-08 15:30:00,18015,115,0.00642458100558659,17895,17870,18060,2310
2021-07-08 15:00:00,2021-07-08 15:00:00,17900,-185,-0.0102294719380702,18080,17900,18080,2877
2021-07-08 14:30:00,2021-07-08 14:30:00,18085,100,0.00556018904642758,17970,17925,18100,925
2021-07-08 14:00:00,2021-07-08 14:00:00,17985,-45,-0.00249584026622296,18025,17950,18045,1149
2021-07-08 13:30:00,2021-07-08 13:30:00,18030,110,0.00613839285714286,17910,17910,18040,1725
2021-07-08 13:00:00,2021-07-08 13:00:00,17920,-70,-0.00389105058365759,17985,17840,18035,3215
2021-07-08 12:30:00,2021-07-08 12:30:00,17990,-155,-0.00854229815376137,18130,17985,18135,2024
2021-07-08 12:00:00,2021-07-08 12:00:00,18145,-175,-0.00955240174672489,18320,18120,18320,4789
2021-07-08 11:30:00,2021-07-08 11:30:00,18320,-50,-0.00272182906913446,18370,18260,18395,977
2021-07-08 11:00:00,2021-07-08 11:00:00,18370,40,0.00218221494817239,18325,18320,18410,1113
2021-07-08 10:30:00,2021-07-08 10:30:00,18330,-30,-0.00163398692810458,18350,18270,18365,1312
2021-07-08 10:00:00,2021-07-08 10:00:00,18360,30,0.0016366612111293,18325,18230,18390,2590
2021-07-08 09:30:00,2021-07-08 09:30:00,18330,-95,-0.00515603799185889,18500,18295,18505,3747
2021-07-07 17:00:00,2021-07-07 17:00:00,18425,-70,-0.00378480670451473,18490,18345,18590,11185
2021-07-07 16:30:00,2021-07-07 16:30:00,18495,-175,-0.00937332619175147,18655,18495,18695,1944
2021-07-07 16:00:00,2021-07-07 16:00:00,18670,-20,-0.00107009095773141,18695,18660,18730,2198
2021-07-07 15:30:00,2021-07-07 15:30:00,18690,90,0.00483870967741936,18605,18600,18735,1223
2021-07-07 15:00:00,2021-07-07 15:00:00,18600,-70,-0.00374933047670059,18670,18585,18705,1036
2021-07-07 14:30:00,2021-07-07 14:30:00,18670,75,0.00403334229631621,18590,18590,18700,1137
2021-07-07 14:00:00,2021-07-07 14:00:00,18595,-15,-0.000806018269747448,18600,18570,18650,874
2021-07-07 13:30:00,2021-07-07 13:30:00,18610,35,0.0018842530282638,18580,18505,18630,1341
2021-07-07 13:00:00,2021-07-07 13:00:00,18575,85,0.00459707950243375,18500,18490,18585,971
2021-07-07 12:30:00,2021-07-07 12:30:00,18490,70,0.00380021715526602,18415,18320,18490,1403
2021-07-07 12:00:00,2021-07-07 12:00:00,18420,-150,-0.00807754442649435,18580,18410,18600,1457
2021-07-07 11:30:00,2021-07-07 11:30:00,18570,50,0.00269978401727862,18520,18510,18580,746
2021-07-07 11:00:00,2021-07-07 11:00:00,18520,-105,-0.00563758389261745,18630,18475,18630,949
2021-07-07 10:30:00,2021-07-07 10:30:00,18625,200,0.0108548168249661,18430,18430,18630,1239
2021-07-07 10:00:00,2021-07-07 10:00:00,18425,-225,-0.0120643431635389,18645,18385,18675,1344
2021-07-07 09:30:00,2021-07-07 09:30:00,18650,340,0.0185690879300928,18370,18370,18675,2055
2021-07-06 17:00:00,2021-07-06 17:00:00,18310,-40,-0.00217983651226158,18340,18290,18420,5930
2021-07-06 16:30:00,2021-07-06 16:30:00,18350,-105,-0.00568951503657545,18450,18350,18490,1831
2021-07-06 16:00:00,2021-07-06 16:00:00,18455,-230,-0.0123093390420123,18685,18455,18685,1442
2021-07-06 15:30:00,2021-07-06 15:30:00,18685,-80,-0.00426325606181721,18765,18675,18785,799
2021-07-06 15:00:00,2021-07-06 15:00:00,18765,15,0.0008,18755,18740,18775,300
2021-07-06 14:30:00,2021-07-06 14:30:00,18750,70,0.00374732334047109,18685,18685,18765,740
2021-07-06 14:00:00,2021-07-06 14:00:00,18680,-55,-0.0029356818788364,18730,18680,18730,333
2021-07-06 13:30:00,2021-07-06 13:30:00,18735,35,0.0018716577540107,18710,18680,18735,542
2021-07-06 13:00:00,2021-07-06 13:00:00,18700,-5,-0.000267308206361935,18715,18690,18725,258
2021-07-06 12:30:00,2021-07-06 12:30:00,18705,0,0,18705,18690,18745,656
2021-07-06 12:00:00,2021-07-06 12:00:00,18705,20,0.00107037730800107,18675,18675,18735,706
2021-07-06 11:30:00,2021-07-06 11:30:00,18685,-10,-0.000534902380315592,18685,18670,18760,961
2021-07-06 11:00:00,2021-07-06 11:00:00,18695,25,0.00133904659882164,18665,18625,18700,722
2021-07-06 10:30:00,2021-07-06 10:30:00,18670,60,0.00322407307898979,18610,18605,18700,1012
2021-07-06 10:00:00,2021-07-06 10:00:00,18610,-35,-0.00187717886832931,18635,18590,18660,1158
2021-07-06 09:30:00,2021-07-06 09:30:00,18645,235,0.0127648017381858,18415,18415,18655,3615
2021-07-05 17:00:00,2021-07-05 17:00:00,18410,5,0.000271665308340125,18410,18355,18420,3001
2021-07-05 16:30:00,2021-07-05 16:30:00,18405,-10,-0.000543035568829758,18410,18385,18450,633
2021-07-05 16:00:00,2021-07-05 16:00:00,18415,-40,-0.00216743429964779,18450,18415,18475,469
2021-07-05 15:30:00,2021-07-05 15:30:00,18455,-35,-0.00189291508923743,18495,18430,18495,700
2021-07-05 15:00:00,2021-07-05 15:00:00,18490,0,0,18485,18470,18510,887
2021-07-05 14:30:00,2021-07-05 14:30:00,18490,15,0.00081190798376184,18480,18455,18515,1124
2021-07-05 14:00:00,2021-07-05 14:00:00,18475,65,0.00353068984247691,18415,18415,18475,864
2021-07-05 13:30:00,2021-07-05 13:30:00,18410,60,0.00326975476839237,18345,18335,18425,934
2021-07-05 13:00:00,2021-07-05 13:00:00,18350,45,0.00245834471455886,18310,18310,18350,300
2021-07-05 12:30:00,2021-07-05 12:30:00,18305,-10,-0.000546000546000546,18315,18305,18350,675
2021-07-05 12:00:00,2021-07-05 12:00:00,18315,15,0.000819672131147541,18300,18290,18340,328
2021-07-05 11:30:00,2021-07-05 11:30:00,18300,60,0.00328947368421053,18230,18230,18330,424
2021-07-05 11:00:00,2021-07-05 11:00:00,18240,-15,-0.000821692686935086,18265,18215,18275,468
2021-07-05 10:30:00,2021-07-05 10:30:00,18255,-55,-0.00300382304751502,18300,18225,18300,564
2021-07-05 10:00:00,2021-07-05 10:00:00,18310,95,0.00521548174581389,18230,18200,18320,582
2021-07-05 09:30:00,2021-07-05 09:30:00,18215,30,0.00164971130052241,18250,18170,18310,1425
2021-07-02 17:00:00,2021-07-02 17:00:00,18185,-55,-0.00301535087719298,18240,18125,18240,8428
2021-07-02 16:30:00,2021-07-02 16:30:00,18240,-35,-0.00191518467852257,18275,18190,18280,1412
2021-07-02 16:00:00,2021-07-02 16:00:00,18275,45,0.00246845858475041,18240,18160,18275,1220
2021-07-02 15:30:00,2021-07-02 15:30:00,18230,-15,-0.000822143052891203,18240,18175,18260,1315
2021-07-02 15:00:00,2021-07-02 15:00:00,18245,-55,-0.00300546448087432,18300,18245,18315,705
2021-07-02 14:30:00,2021-07-02 14:30:00,18300,30,0.00164203612479475,18275,18250,18315,690
2021-07-02 14:00:00,2021-07-02 14:00:00,18270,-35,-0.00191204588910134,18305,18265,18325,779
2021-07-02 13:30:00,2021-07-02 13:30:00,18305,-35,-0.00190839694656489,18330,18270,18335,581
2021-07-02 13:00:00,2021-07-02 13:00:00,18340,30,0.00163844893500819,18310,18275,18345,400
2021-07-02 12:30:00,2021-07-02 12:30:00,18310,-15,-0.000818553888130969,18330,18260,18335,461
2021-07-02 12:00:00,2021-07-02 12:00:00,18325,70,0.00383456587236374,18250,18250,18345,501
2021-07-02 11:30:00,2021-07-02 11:30:00,18255,0,0,18255,18230,18275,456
2021-07-02 11:00:00,2021-07-02 11:00:00,18255,-40,-0.0021863897239683,18290,18220,18300,967
2021-07-02 10:30:00,2021-07-02 10:30:00,18295,-75,-0.00408274360370169,18375,18270,18390,1938
2021-07-02 10:00:00,2021-07-02 10:00:00,18370,-125,-0.00675858340091917,18500,18360,18575,3226
2021-07-02 09:30:00,2021-07-02 09:30:00,18495,340,0.0187276232442853,18170,18170,18570,7734
2021-07-01 17:00:00,2021-07-01 17:00:00,18155,180,0.0100139082058414,17980,17980,18195,9085
2021-07-01 16:30:00,2021-07-01 16:30:00,17975,-65,-0.00360310421286031,18035,17960,18115,1837
2021-07-01 16:00:00,2021-07-01 16:00:00,18040,-55,-0.00303951367781155,18095,17985,18120,1843
2021-07-01 15:30:00,2021-07-01 15:30:00,18095,5,0.000276395798783858,18095,18025,18095,779
2021-07-01 15:00:00,2021-07-01 15:00:00,18090,5,0.000276472214542438,18080,18060,18140,837
2021-07-01 14:30:00,2021-07-01 14:30:00,18085,15,0.000830105146651909,18065,18065,18095,624
2021-07-01 14:00:00,2021-07-01 14:00:00,18070,75,0.00416782439566546,18000,17990,18075,560
2021-07-01 13:30:00,2021-07-01 13:30:00,17995,60,0.00334541399498188,17935,17935,18000,471
2021-07-01 13:00:00,2021-07-01 13:00:00,17935,-45,-0.0025027808676307,17980,17915,18010,1352
2021-07-01 12:30:00,2021-07-01 12:30:00,17980,-20,-0.00111111111111111,18005,17940,18015,1465
2021-07-01 12:00:00,2021-07-01 12:00:00,18000,10,0.000555864369093941,17995,17965,18030,1503
2021-07-01 11:30:00,2021-07-01 11:30:00,17990,-60,-0.00332409972299169,18055,17960,18060,1635
2021-07-01 11:00:00,2021-07-01 11:00:00,18050,-105,-0.005783530707794,18160,18035,18185,1521
2021-07-01 10:30:00,2021-07-01 10:30:00,18155,,,18190,18085,18225,1908
